Term,Flight No,Operator,From,Airport name,Scheduled,Estimated,Touchdown,Est Chocks,Act Chocks,Stand,Max pax,Act Pax,Conn pax
2,UA958,United Airlines,ORD,Chicago,04:55 22/10/2016,04:19 22/10/2016,04:19 22/10/2016,04:24 22/10/2016,04:26 22/10/2016,231,183,117,18
5,BA074,British Airways,LOS,Lagos,04:25 22/10/2016,04:23 22/10/2016,04:23 22/10/2016,04:32 22/10/2016,04:32 22/10/2016,535,226,228,76
5,BA034,British Airways,KUL,Kuala Lumpur,04:25 22/10/2016,04:26 22/10/2016,04:26 22/10/2016,04:35 22/10/2016,04:34 22/10/2016,543,216,210,99
5,BA262,British Airways,RUH,Riyadh,04:35 22/10/2016,04:33 22/10/2016,04:33 22/10/2016,04:41 22/10/2016,04:41 22/10/2016,557,226,96,31
3,CX255,Cathay Pacific,HKG,Hong Kong,05:20 22/10/2016,04:35 22/10/2016,04:35 22/10/2016,04:39 22/10/2016,04:40 22/10/2016,256,275,186,17
5,BA016,British Airways,SYD,Sydney,04:10 22/10/2016,04:38 22/10/2016,04:38 22/10/2016,04:46 22/10/2016,04:46 22/10/2016,546,297,289,114
2,UA918,United Airlines,IAD,Washington,05:20 22/10/2016,04:46 22/10/2016,04:46 22/10/2016,04:53 22/10/2016,05:00 22/10/2016,246,269,188,20
4,MH002,Malaysia Airlines,KUL,Kuala Lumpur,04:55 22/10/2016,04:51 22/10/2016,04:51 22/10/2016,05:03 22/10/2016,05:03 22/10/2016,406,487,469,
5,BA012,British Airways,SIN,Singapore,04:50 22/10/2016,04:56 22/10/2016,04:56 22/10/2016,05:04 22/10/2016,05:06 22/10/2016,555,469,419,159
5,BA124,British Airways,DOH,Doha,05:15 22/10/2016,05:03 22/10/2016,05:03 22/10/2016,05:12 22/10/2016,05:13 22/10/2016,554,216,131,66
3,BA058,British Airways,CPT,Cape Town,05:15 22/10/2016,05:05 22/10/2016,05:05 22/10/2016,05:14 22/10/2016,05:12 22/10/2016,336,337,340,100
3,VS108,Virgin Atlantic Airways,DTW,Detroit,05:25 22/10/2016,05:06 22/10/2016,05:06 22/10/2016,05:13 22/10/2016,05:16 22/10/2016,319,266,128,7
4,BI097,Royal Brunei Airlines,BWN,Brunei,05:25 22/10/2016,05:07 22/10/2016,05:07 22/10/2016,05:10 22/10/2016,05:11 22/10/2016,414,254,180,2
5,BA056,British Airways,JNB,Johannesburg,04:30 22/10/2016,05:08 22/10/2016,05:08 22/10/2016,05:16 22/10/2016,05:18 22/10/2016,565,469,430,246
5,BA244,British Airways,EZE,Buenos Aires,05:30 22/10/2016,05:10 22/10/2016,05:10 22/10/2016,05:19 22/10/2016,05:20 22/10/2016,539,275,200,136
5,BA072,British Airways,MCT,Muscat,05:20 22/10/2016,05:11 22/10/2016,05:11 22/10/2016,05:18 22/10/2016,05:19 22/10/2016,561,216,180,49
3,BA078,British Airways,ACC,Accra,05:15 22/10/2016,05:12 22/10/2016,05:12 22/10/2016,05:21 22/10/2016,05:20 22/10/2016,334,337,272,82
5,BA106,British Airways,DXB,Dubai,05:20 22/10/2016,05:13 22/10/2016,05:13 22/10/2016,05:23 22/10/2016,05:26 22/10/2016,537,275,259,80
5,BA112,British Airways,JFK,New York,05:30 22/10/2016,05:15 22/10/2016,05:15 22/10/2016,05:25 22/10/2016,05:26 22/10/2016,534,275,263,145
3,AA174,American Airlines,RDU,Raleigh-Durham,05:35 22/10/2016,05:16 22/10/2016,05:16 22/10/2016,05:23 22/10/2016,05:26 22/10/2016,325,205,,53
2,UA934,United Airlines,EWR,Newark,19:50 21/10/2016,05:17 22/10/2016,05:17 22/10/2016,05:28 22/10/2016,05:26 22/10/2016,232,183,77,
3,AA100,American Airlines,JFK,New York,05:20 22/10/2016,05:19 22/10/2016,05:19 22/10/2016,05:26 22/10/2016,05:26 22/10/2016,342,310,235,79
5,BA184,British Airways,EWR,Newark,05:25 22/10/2016,05:20 22/10/2016,05:20 22/10/2016,05:30 22/10/2016,05:34 22/10/2016,538,216,200,122
3,BA064,British Airways,NBO,Nairobi,05:15 22/10/2016,05:21 22/10/2016,05:21 22/10/2016,05:28 22/10/2016,05:26 22/10/2016,357,337,295,99
3,AA086,American Airlines,ORD,Chicago,05:50 22/10/2016,05:23 22/10/2016,05:23 22/10/2016,05:31 22/10/2016,05:34 22/10/2016,328,205,,59
3,VS004,Virgin Atlantic Airways,JFK,New York,05:45 22/10/2016,05:24 22/10/2016,05:24 22/10/2016,05:32 22/10/2016,05:32 22/10/2016,316,308,173,7
2,AC822,Air Canada,YYT,St. John's,05:35 22/10/2016,05:25 22/10/2016,05:25 22/10/2016,05:31 22/10/2016,05:33 22/10/2016,139,120,62,38
5,BA160,British Airways,PVG,Shanghai,05:15 22/10/2016,05:27 22/10/2016,05:27 22/10/2016,05:34 22/10/2016,05:34 22/10/2016,558,275,241,82
4,GF007,Gulf Air,BAH,Bahrain,05:25 22/10/2016,05:28 22/10/2016,05:28 22/10/2016,05:34 22/10/2016,05:31 22/10/2016,411,214,124,5
2,AC856,Air Canada,YYZ,Toronto,05:30 22/10/2016,05:30 22/10/2016,05:30 22/10/2016,05:40 22/10/2016,05:37 22/10/2016,238,400,340,54
5,BA216,British Airways,IAD,Washington,05:50 22/10/2016,05:31 22/10/2016,05:31 22/10/2016,05:41 22/10/2016,05:40 22/10/2016,556,469,363,189
5,BA092,British Airways,YYZ,Toronto,05:35 22/10/2016,05:32 22/10/2016,05:32 22/10/2016,05:41 22/10/2016,05:42 22/10/2016,536,275,276,121
4,QR009,Qatar Airways,DOH,Doha,06:05 22/10/2016,05:34 22/10/2016,05:34 22/10/2016,05:40 22/10/2016,05:41 22/10/2016,405,517,439,6
5,BA174,British Airways,JFK,New York,05:55 22/10/2016,05:35 22/10/2016,05:35 22/10/2016,05:43 22/10/2016,,532,275,251,148
4,WY103,Oman Air,MCT,Muscat,05:30 22/10/2016,05:37 22/10/2016,05:37 22/10/2016,05:42 22/10/2016,05:42 22/10/2016,402,230,133,1
3,AA050,American Airlines,DFW,Dallas/Ft Worth,05:55 22/10/2016,05:38 22/10/2016,05:38 22/10/2016,05:45 22/10/2016,05:45 22/10/2016,335,310,200,79
3,BA206,British Airways,MIA,Miami,05:40 22/10/2016,05:39 22/10/2016,05:39 22/10/2016,05:48 22/10/2016,,340,337,315,245
5,BA142,British Airways,DEL,Delhi,05:30 22/10/2016,05:41 22/10/2016,05:41 22/10/2016,05:50 22/10/2016,,543,226,210,96
3,VS046,Virgin Atlantic Airways,JFK,New York,06:20 22/10/2016,05:43 22/10/2016,05:43 22/10/2016,05:50 22/10/2016,,318,264,161,4
5,BA971,British Airways,HAJ,Hanover,06:00 22/10/2016,05:44 22/10/2016,05:44 22/10/2016,05:52 22/10/2016,,519,133,41,14
2,UA880,United Airlines,IAH,Houston,05:55 22/10/2016,05:46 22/10/2016,05:46 22/10/2016,05:53 22/10/2016,,247,214,114,27
3,VS104,Virgin Atlantic Airways,ATL,Atlanta,06:05 22/10/2016,05:49 22/10/2016,,05:57 22/10/2016,,317,266,198,1
3,QF001,Qantas,SYD,Sydney,05:55 22/10/2016,05:49 22/10/2016,,05:56 22/10/2016,,301,484,314,45
5,BA212,British Airways,BOS,Boston,05:50 22/10/2016,05:50 22/10/2016,,05:59 22/10/2016,,535,275,272,126
5,BA138,British Airways,BOM,Mumbai,06:00 22/10/2016,05:51 22/10/2016,,06:00 22/10/2016,,542,297,254,155
3,VS602,Virgin Atlantic Airways,JNB,Johannesburg,05:35 22/10/2016,05:52 22/10/2016,,06:00 22/10/2016,,353,264,227,53
2,SQ322,Singapore Airlines,SIN,Singapore,04:55 22/10/2016,05:54 22/10/2016,,06:02 22/10/2016,,242,441,392,31
3,VS022,Virgin Atlantic Airways,IAD,Washington,06:20 22/10/2016,05:54 22/10/2016,,06:01 22/10/2016,,320,266,201,22
2,SA234,South African Airways,JNB,Johannesburg,05:25 22/10/2016,05:55 22/10/2016,,06:01 22/10/2016,,141,251,229,61
5,BA052,British Airways,SEA,Seattle,06:15 22/10/2016,05:58 22/10/2016,,06:06 22/10/2016,,,275,208,120
3,EK007,Emirates Airline,DXB,Dubai,06:05 22/10/2016,05:59 22/10/2016,,06:06 22/10/2016,,,517,399,2
4,9W120,Jet Airways,BOM,Mumbai,05:45 22/10/2016,06:00 22/10/2016,,06:12 22/10/2016,,,,278,32
2,SA236,South African Airways,JNB,Johannesburg,05:55 22/10/2016,06:05 22/10/2016,,06:13 22/10/2016,,,222,186,51
3,DL58,Delta Air Lines,BOS,Boston,06:25 22/10/2016,06:06 22/10/2016,,06:13 22/10/2016,,,211,175,1
2,UA901,United Airlines,SFO,San Francisco,06:10 22/10/2016,06:08 22/10/2016,,06:14 22/10/2016,,249,374,188,42
5,BA963,British Airways,HAM,Hamburg,06:35 22/10/2016,06:10 22/10/2016,,06:18 22/10/2016,,,133,113,23
5,BA194,British Airways,IAH,Houston,06:25 22/10/2016,06:12 22/10/2016,,06:20 22/10/2016,,,219,192,111
5,BA176,British Airways,JFK,New York,06:45 22/10/2016,06:13 22/10/2016,,06:21 22/10/2016,,,275,250,111
5,BA294,British Airways,ORD,Chicago,06:45 22/10/2016,06:15 22/10/2016,,06:23 22/10/2016,,,275,258,87
4,VN051,Vietnam Airlines,SGN,Ho Chi Minh,06:40 22/10/2016,06:17 22/10/2016,,06:29 22/10/2016,,,274,192,14
2,ET700,Ethiopian Airlines,ADD,Addis Ababa,05:50 22/10/2016,06:18 22/10/2016,,06:26 22/10/2016,,,343,343,19
3,BA365,British Airways,LYS,Lyon,06:35 22/10/2016,06:21 22/10/2016,,06:28 22/10/2016,,,162,138,20
2,EW1464,Eurowings,DUS,Dusseldorf,06:25 22/10/2016,06:22 22/10/2016,,06:30 22/10/2016,,,174,130,14
5,BA389,British Airways,BRU,Brussels,06:35 22/10/2016,06:23 22/10/2016,,06:31 22/10/2016,,,156,106,56
2,UA29,United Airlines,EWR,Newark,06:40 22/10/2016,06:24 22/10/2016,,06:31 22/10/2016,,233,214,176,33
3,AA056,American Airlines,MIA,Miami,07:05 22/10/2016,06:26 22/10/2016,,06:33 22/10/2016,,,247,226,142
3,CX251,Cathay Pacific,HKG,Hong Kong,04:40 22/10/2016,06:28 22/10/2016,,06:35 22/10/2016,,,275,241,14
5,BA423,British Airways,AMS,Amsterdam,06:25 22/10/2016,06:30 22/10/2016,,06:38 22/10/2016,,,187,112,46
3,AA106,American Airlines,JFK,New York,07:10 22/10/2016,06:31 22/10/2016,,06:38 22/10/2016,,,260,183,49
5,BA303,British Airways,CDG,Paris (CdG),06:45 22/10/2016,06:31 22/10/2016,,,,,143,,
5,BA054,British Airways,JNB,Johannesburg,06:20 22/10/2016,06:33 22/10/2016,,06:41 22/10/2016,,,337,297,134
3,VS112,Virgin Atlantic Airways,JFK,New York,07:00 22/10/2016,06:35 22/10/2016,,06:42 22/10/2016,,,308,293,5
2,LH924,Lufthansa,FRA,Frankfurt,06:40 22/10/2016,06:37 22/10/2016,,06:45 22/10/2016,,,158,135,3
5,BA751,British Airways,BSL,Basel,06:35 22/10/2016,06:38 22/10/2016,,06:46 22/10/2016,,,129,89,43
2,AC864,Air Canada,YUL,Montreal,06:25 22/10/2016,06:39 22/10/2016,,06:49 22/10/2016,,239,265,,38
4,AF1680,Air France,CDG,Paris (CdG),06:50 22/10/2016,06:39 22/10/2016,,,,,200,120,
4,KL1001,KLM Royal Dutch Airlines,AMS,Amsterdam,06:40 22/10/2016,06:40 22/10/2016,,,,,,,
4,FB851,Bulgaria Air,SOF,Sofia,06:55 22/10/2016,06:42 22/10/2016,,06:54 22/10/2016,,,164,118,2
5,BA236,British Airways,DME,Moscow,06:55 22/10/2016,06:43 22/10/2016,,06:51 22/10/2016,,,154,107,43
3,BA853,British Airways,PRG,Prague,07:00 22/10/2016,06:44 22/10/2016,,06:51 22/10/2016,,,154,111,73
2,UA931,United Airlines,ORD,Chicago,07:30 22/10/2016,06:45 22/10/2016,,06:53 22/10/2016,,,183,131,29
5,BA246,British Airways,GRU,Sao Paulo,06:20 22/10/2016,06:47 22/10/2016,,06:55 22/10/2016,,,219,195,98
2,SQ306,Singapore Airlines,SIN,Singapore,06:45 22/10/2016,06:49 22/10/2016,,06:57 22/10/2016,,,264,229,17
2,TG910,Thai Airways International,BKK,Bangkok,06:15 22/10/2016,06:50 22/10/2016,,06:56 22/10/2016,,,507,417,
5,BA935,British Airways,DUS,Dusseldorf,06:50 22/10/2016,06:51 22/10/2016,,06:59 22/10/2016,,,133,66,34
2,EW4462,Eurowings,HAM,Hamburg,07:05 22/10/2016,06:51 22/10/2016,,06:59 22/10/2016,,,90,62,7
3,DL401,Delta Air Lines,JFK,New York,06:50 22/10/2016,06:53 22/10/2016,,07:00 22/10/2016,,,211,117,4
5,BA709,British Airways,ZRH,Zurich,07:00 22/10/2016,06:55 22/10/2016,,07:03 22/10/2016,,,129,106,45
5,BA901,British Airways,FRA,Frankfurt,07:15 22/10/2016,06:55 22/10/2016,,,,,143,,
2,4U8460,Germanwings,TXL,Berlin,07:10 22/10/2016,06:56 22/10/2016,,07:04 22/10/2016,,,138,117,16
5,BA981,British Airways,TXL,Berlin,07:10 22/10/2016,06:57 22/10/2016,,07:05 22/10/2016,,,158,159,95
4,SU2570,Aeroflot Russian Airlines,SVO,Moscow,07:00 22/10/2016,06:59 22/10/2016,,07:11 22/10/2016,,,140,54,2
5,BA066,British Airways,PHL,Philadelphia,05:35 22/10/2016,07:00 22/10/2016,,07:08 22/10/2016,,,226,199,121
3,AA730,American Airlines,CLT,Charlotte,06:40 22/10/2016,07:02 22/10/2016,,07:09 22/10/2016,,,291,197,71
5,BA116,British Airways,JFK,New York,07:15 22/10/2016,07:03 22/10/2016,,07:11 22/10/2016,,,275,258,146
5,BA172,British Airways,JFK,New York,07:55 22/10/2016,07:05 22/10/2016,,,,,275,265,74
2,EI152,Aer Lingus,DUB,Dublin,07:05 22/10/2016,07:05 22/10/2016,,,,,174,,28
5,BA803,British Airways,GOT,Gothenburg,07:05 22/10/2016,07:06 22/10/2016,,07:14 22/10/2016,,,160,139,85
2,LX316,Swiss,ZRH,Zurich,07:00 22/10/2016,07:07 22/10/2016,,07:15 22/10/2016,,,180,162,1
3,DL28,Delta Air Lines,ATL,Atlanta,07:45 22/10/2016,07:09 22/10/2016,,,,,211,160,3
5,IB3170,Iberia,MAD,Madrid,07:25 22/10/2016,07:09 22/10/2016,,07:17 22/10/2016,,,130,99,10
5,BA723,British Airways,GVA,Geneva,07:15 22/10/2016,07:11 22/10/2016,,07:19 22/10/2016,,,127,129,64
2,LH2470,Lufthansa,MUC,Munich,07:10 22/10/2016,07:12 22/10/2016,,07:20 22/10/2016,,,162,43,4
5,BA811,British Airways,CPH,Copenhagen,07:30 22/10/2016,07:13 22/10/2016,,07:21 22/10/2016,,,148,60,45
5,BA341,British Airways,NCE,Nice,07:30 22/10/2016,07:15 22/10/2016,,07:23 22/10/2016,,,150,122,82
2,LX352,Swiss,GVA,Geneva,07:15 22/10/2016,07:15 22/10/2016,,,,,,,
5,BA947,British Airways,MUC,Munich,07:40 22/10/2016,07:16 22/10/2016,,,,,137,113,42
2,OS451,Austrian,VIE,Vienna,07:20 22/10/2016,07:16 22/10/2016,,07:24 22/10/2016,,,200,140,6
5,BA599,British Airways,VCE,Venice,07:40 22/10/2016,07:19 22/10/2016,,,,,177,124,94
5,BA561,British Airways,LIN,Milan (Linate),07:35 22/10/2016,07:21 22/10/2016,,,,,152,131,51
4,EY011,Etihad Airways,AUH,Abu Dhabi,06:35 22/10/2016,07:21 22/10/2016,,,,,496,399,5
2,AC848,Air Canada,YYZ,Toronto,07:35 22/10/2016,07:23 22/10/2016,,,,241,211,204,29
2,4U2462,Germanwings,STR,Stuttgart,07:25 22/10/2016,07:25 22/10/2016,,,,,,,8
3,BA477,British Airways,BCN,Barcelona,07:30 22/10/2016,07:32 22/10/2016,,,,,156,100,62
5,BA331,British Airways,ORY,Paris (Orly),07:35 22/10/2016,07:35 22/10/2016,,,,,168,,
3,BA795,British Airways,HEL,Helsinki,08:00 22/10/2016,07:40 22/10/2016,,,,,160,133,72
2,LH900,Lufthansa,FRA,Frankfurt,07:40 22/10/2016,07:40 22/10/2016,,,,,200,,
3,VS012,Virgin Atlantic Airways,BOS,Boston,08:10 22/10/2016,07:44 22/10/2016,,,,,264,244,15
2,EI710,Aer Lingus,ORK,Cork,07:45 22/10/2016,07:45 22/10/2016,,,,,,,
5,BA192,British Airways,DFW,Dallas/Ft Worth,08:05 22/10/2016,07:49 22/10/2016,,,,,297,265,126
5,BA214,British Airways,BOS,Boston,08:00 22/10/2016,07:51 22/10/2016,,,,,226,214,80
5,BA761,British Airways,OSL,Oslo,08:25 22/10/2016,07:51 22/10/2016,,,,,143,,
5,BA771,British Airways,ARN,Stockholm,08:30 22/10/2016,07:52 22/10/2016,,,,,143,,
5,BA571,British Airways,FCO,Rome,08:05 22/10/2016,07:54 22/10/2016,,,,,162,101,43
3,BA699,British Airways,VIE,Vienna,08:15 22/10/2016,07:56 22/10/2016,,,,,168,,
2,4U460,Germanwings,CGN,Cologne,08:00 22/10/2016,08:00 22/10/2016,,,,,,,
3,AA728,American Airlines,PHL,Philadelphia,08:00 22/10/2016,08:00 22/10/2016,,,,,291,249,78
5,BA188,British Airways,EWR,Newark,08:20 22/10/2016,08:02 22/10/2016,,,,,216,213,111
3,DL402,Delta Air Lines,JFK,New York,07:45 22/10/2016,08:02 22/10/2016,,,,,211,181,1
3,AA732,American Airlines,CLT,Charlotte,08:15 22/10/2016,08:05 22/10/2016,,,,,291,205,
2,EI154,Aer Lingus,DUB,Dublin,08:05 22/10/2016,08:05 22/10/2016,,,,,,,
2,AC850,Air Canada,YYC,Calgary,08:35 22/10/2016,08:08 22/10/2016,,,,,251,192,16
3,AY831,Finnair,HEL,Helsinki,08:10 22/10/2016,08:10 22/10/2016,,,,,189,159,59
5,BA831,British Airways,DUB,Dublin,08:10 22/10/2016,08:10 22/10/2016,,,,,143,,
5,BA114,British Airways,JFK,New York,08:35 22/10/2016,08:14 22/10/2016,,,,,226,216,68
5,BA190,British Airways,AUS,Austin,08:25 22/10/2016,08:15 22/10/2016,,,,,216,211,104
3,VS010,Virgin Atlantic Airways,JFK,New York,08:30 22/10/2016,08:17 22/10/2016,,,,,308,303,0
4,SU2572,Aeroflot Russian Airlines,SVO,Moscow,08:45 22/10/2016,08:19 22/10/2016,,,,,170,88,6
2,SK803,SAS,OSL,Oslo,08:20 22/10/2016,08:20 22/10/2016,,,,,,,
5,BA282,British Airways,LAX,Los Angeles,09:00 22/10/2016,08:23 22/10/2016,,,,,469,459,305
5,BA377,British Airways,TLS,Toulouse,08:25 22/10/2016,08:25 22/10/2016,,,,,168,,
2,LO281,LOT Polish Airlines,WAW,Warsaw,08:25 22/10/2016,08:25 22/10/2016,,,,,252,,
3,VS116,Virgin Atlantic Airways,ATL,Atlanta,09:00 22/10/2016,08:27 22/10/2016,,,,,266,157,10
5,BA094,British Airways,YUL,Montreal,08:35 22/10/2016,08:28 22/10/2016,,,,,214,206,128
2,TK1979,Turkish Airlines THY,IST,Istanbul,08:50 22/10/2016,08:28 22/10/2016,,,,,400,325,1
4,AI161,Air India,DEL,Delhi,06:30 22/10/2016,08:30 22/10/2016,,,,,256,136,14
2,UA110,United Airlines,EWR,Newark,05:45 22/10/2016,08:30 22/10/2016,,,,,214,162,45
5,BA228,British Airways,BWI,Baltimore,08:55 22/10/2016,08:33 22/10/2016,,,,,214,153,60
5,BA098,British Airways,YYZ,Toronto,08:50 22/10/2016,08:35 22/10/2016,,,,,219,200,103
2,SK525,SAS,ARN,Stockholm,08:35 22/10/2016,08:35 22/10/2016,,,,,,,
2,UA97,United Airlines,IAH,Houston,08:40 22/10/2016,08:35 22/10/2016,,,,,214,86,23
5,BA885,British Airways,OTP,Bucharest,09:05 22/10/2016,08:37 22/10/2016,,,,,193,128,51
5,BA631,British Airways,ATH,Athens,09:05 22/10/2016,08:38 22/10/2016,,,,,150,141,57
5,BA543,British Airways,BLQ,Bologna,08:40 22/10/2016,08:40 22/10/2016,,,,,168,,
2,LH902,Lufthansa,FRA,Frankfurt,08:40 22/10/2016,08:40 22/10/2016,,,,,,,
4,KM100,Air Malta,MLA,Malta,08:45 22/10/2016,08:44 22/10/2016,,,,,160,132,
3,BA865,British Airways,BUD,Budapest,08:45 22/10/2016,08:45 22/10/2016,,,,,168,,
2,LH2472,Lufthansa,MUC,Munich,08:45 22/10/2016,08:45 22/10/2016,,,,,,,
3,AA046,American Airlines,ORD,Chicago,08:05 22/10/2016,08:50 22/10/2016,,,,,310,234,82
4,AI172,Air India,EWR,Newark,09:15 22/10/2016,08:50 22/10/2016,,,,,256,156,5
5,IB3162,Iberia,MAD,Madrid,08:50 22/10/2016,08:50 22/10/2016,,,,,200,,
5,BA391,British Airways,BRU,Brussels,08:55 22/10/2016,08:55 22/10/2016,,,,,143,,
5,BA551,British Airways,FCO,Rome,08:55 22/10/2016,08:55 22/10/2016,,,,,205,,
3,VS002,Virgin Atlantic Airways,EWR,Newark,09:35 22/10/2016,08:56 22/10/2016,,,,,264,255,9
2,OU490,Croatia Airlines,ZAG,Zagreb,09:00 22/10/2016,09:00 22/10/2016,,,,,,,
5,BA068,British Airways,PHL,Philadelphia,09:05 22/10/2016,09:03 22/10/2016,,,,,226,207,107
5,BA202,British Airways,BOS,Boston,09:10 22/10/2016,09:05 22/10/2016,,,,,275,264,108
2,UA940,United Airlines,EWR,Newark,09:10 22/10/2016,09:07 22/10/2016,,,,,183,170,26
3,BA499,British Airways,LIS,Lisbon,09:10 22/10/2016,09:10 22/10/2016,,,,,168,,
2,AC888,Air Canada,YOW,Ottawa,09:25 22/10/2016,09:12 22/10/2016,,,,,211,157,
5,BA296,British Airways,ORD,Chicago,09:20 22/10/2016,09:15 22/10/2016,,,,,275,244,98
5,BA833,British Airways,DUB,Dublin,09:15 22/10/2016,09:15 22/10/2016,,,,,143,,
2,EI380,Aer Lingus,SNN,Shannon,09:15 22/10/2016,09:15 22/10/2016,,,,,,,
2,SN2093,Brussels Airlines,BRU,Brussels,09:15 22/10/2016,09:15 22/10/2016,,,,,,,
3,DL403,Delta Air Lines,JFK,New York,09:40 22/10/2016,09:16 22/10/2016,,,,,211,191,3
3,DL30,Delta Air Lines,ATL,Atlanta,10:00 22/10/2016,09:20 22/10/2016,,,,,246,180,5
2,TP354,TAP Portugal,LIS,Lisbon,09:20 22/10/2016,09:20 22/10/2016,,,,,,,
5,BA292,British Airways,IAD,Washington,09:40 22/10/2016,09:22 22/10/2016,,,,,226,207,85
5,BA146,British Airways,AMM,Amman,09:45 22/10/2016,09:23 22/10/2016,,,,,154,121,55
3,DL18,Delta Air Lines,DTW,Detroit,10:05 22/10/2016,09:24 22/10/2016,,,,,246,177,3
3,AA078,American Airlines,DFW,Dallas/Ft Worth,09:25 22/10/2016,09:25 22/10/2016,,,,,310,218,94
2,UA924,United Airlines,IAD,Washington,09:30 22/10/2016,09:25 22/10/2016,,,,,269,205,22
3,AA104,American Airlines,JFK,New York,09:30 22/10/2016,09:30 22/10/2016,,,,,247,217,74
4,AF1580,Air France,CDG,Paris (CdG),09:30 22/10/2016,09:30 22/10/2016,,,,,,,
5,IB3160,Iberia,MAD,Madrid,09:30 22/10/2016,09:30 22/10/2016,,,,,200,,
3,VS006,Virgin Atlantic Airways,MIA,Miami,10:10 22/10/2016,09:33 22/10/2016,,,,,308,226,40
5,BA182,British Airways,JFK,New York,10:00 22/10/2016,09:34 22/10/2016,,,,,337,323,156
5,BA284,British Airways,SFO,San Francisco,10:05 22/10/2016,09:35 22/10/2016,,,,,297,295,175
5,BA785,British Airways,ARN,Stockholm,09:35 22/10/2016,09:35 22/10/2016,,,,,168,,
5,BA162,British Airways,TLV,Tel Aviv,09:40 22/10/2016,09:38 22/10/2016,,,,,297,,
2,LH904,Lufthansa,FRA,Frankfurt,09:40 22/10/2016,09:40 22/10/2016,,,,,,,
5,BA429,British Airways,AMS,Amsterdam,09:45 22/10/2016,09:45 22/10/2016,,,,,168,,
2,AC858,Air Canada,YYZ,Toronto,10:05 22/10/2016,09:46 22/10/2016,,,,,251,239,42
2,UA938,United Airlines,ORD,Chicago,10:20 22/10/2016,09:49 22/10/2016,,,,,183,142,10
3,BA208,British Airways,MIA,Miami,09:20 22/10/2016,09:50 22/10/2016,,,,,469,439,311
3,BA270,British Airways,LAS,Las Vegas,10:15 22/10/2016,09:51 22/10/2016,,,,,337,319,198
5,BA307,British Airways,CDG,Paris (CdG),09:55 22/10/2016,09:55 22/10/2016,,,,,143,,
3,BA417,British Airways,LUX,Luxembourg,09:55 22/10/2016,09:55 22/10/2016,,,,,168,,
5,BA725,British Airways,GVA,Geneva,10:00 22/10/2016,10:00 22/10/2016,,,,,143,,
4,SU2576,Aeroflot Russian Airlines,SVO,Moscow,10:00 22/10/2016,10:00 22/10/2016,,,,,,,4
3,VS1207,Virgin Atlantic Airways,HKG,Hong Kong,04:30 22/10/2016,10:00 22/10/2016,,,,,264,,
3,ME201,Middle East Airlines,BEY,Beirut,10:15 22/10/2016,10:03 22/10/2016,,,,,126,104,47
5,BA333,British Airways,ORY,Paris (Orly),10:05 22/10/2016,10:05 22/10/2016,,,,,143,,
4,QR007,Qatar Airways,DOH,Doha,11:00 22/10/2016,10:09 22/10/2016,,,,,795,251,14
2,EI158,Aer Lingus,DUB,Dublin,10:10 22/10/2016,10:10 22/10/2016,,,,,,,
2,A3600,Aegean Airlines,ATH,Athens,10:15 22/10/2016,10:15 22/10/2016,,,,,,,
5,BA675,British Airways,IST,Istanbul,10:15 22/10/2016,10:15 22/10/2016,,,,,168,,
5,BA154,British Airways,CAI,Cairo,10:45 22/10/2016,10:16 22/10/2016,,,,,214,139,92
5,BA226,British Airways,ATL,Atlanta,10:20 22/10/2016,10:17 22/10/2016,,,,,226,181,76
3,AA038,American Airlines,MIA,Miami,10:00 22/10/2016,10:20 22/10/2016,,,,,310,253,201
5,BA711,British Airways,ZRH,Zurich,10:20 22/10/2016,10:20 22/10/2016,,,,,143,,
5,BA965,British Airways,HAM,Hamburg,10:20 22/10/2016,10:20 22/10/2016,,,,,168,,
5,BA252,British Airways,GCM,Grand Cayman,10:45 22/10/2016,10:22 22/10/2016,,,,,275,242,103
5,BA152,British Airways,IKA,Tehran,10:10 22/10/2016,10:23 22/10/2016,,,,,219,121,28
5,BA196,British Airways,IAH,Houston,10:45 22/10/2016,10:23 22/10/2016,,,,,219,203,121
3,VS020,Virgin Atlantic Airways,SFO,San Francisco,11:05 22/10/2016,10:23 22/10/2016,,,,,264,241,32
5,BA937,British Airways,DUS,Dusseldorf,10:25 22/10/2016,10:25 22/10/2016,,,,,143,,
2,LX318,Swiss,ZRH,Zurich,10:25 22/10/2016,10:25 22/10/2016,,,,,,,
2,SK501,SAS,CPH,Copenhagen,10:25 22/10/2016,10:25 22/10/2016,,,,,,,
2,AC854,Air Canada,YVR,Vancouver,10:40 22/10/2016,10:27 22/10/2016,,,,,450,205,47
2,EW1462,Eurowings,DUS,Dusseldorf,10:30 22/10/2016,10:30 22/10/2016,,,,,,,
2,NZ002,Air New Zealand,AKL,Auckland,10:30 22/10/2016,10:30 22/10/2016,,,,,332,287,50
5,BA148,British Airways,BEY,Beirut,11:00 22/10/2016,10:34 22/10/2016,,,,,154,132,
3,BA218,British Airways,DEN,Denver,10:35 22/10/2016,10:35 22/10/2016,,,,,337,224,130
3,BA473,British Airways,BCN,Barcelona,10:35 22/10/2016,10:35 22/10/2016,,,,,168,,
5,BA813,British Airways,CPH,Copenhagen,10:35 22/10/2016,10:35 22/10/2016,,,,,143,,
3,VS008,Virgin Atlantic Airways,LAX,Los Angeles,11:20 22/10/2016,10:36 22/10/2016,,,,,264,256,23
2,UA5,United Airlines,IAH,Houston,11:05 22/10/2016,10:37 22/10/2016,,,,,214,117,24
3,DL10,Delta Air Lines,MSP,Minneapolis,11:15 22/10/2016,10:39 22/10/2016,,,,,246,183,3
5,BA949,British Airways,MUC,Munich,10:40 22/10/2016,10:40 22/10/2016,,,,,168,,
4,KL1009,KLM Royal Dutch Airlines,AMS,Amsterdam,10:40 22/10/2016,10:40 22/10/2016,,,,,,,
5,BA036,British Airways,MAA,Chennai,10:50 22/10/2016,10:42 22/10/2016,,,,,214,135,75
2,FI450,Icelandair,KEF,Reykjavik,10:45 22/10/2016,10:45 22/10/2016,,,,,,,
5,BA903,British Airways,FRA,Frankfurt,10:50 22/10/2016,10:50 22/10/2016,,,,,259,,
2,OS453,Austrian,VIE,Vienna,10:50 22/10/2016,10:50 22/10/2016,,,,,,,
4,AI131,Air India,BOM,Mumbai,10:30 22/10/2016,11:00 22/10/2016,,,,,256,145,2
5,BA431,British Airways,AMS,Amsterdam,11:00 22/10/2016,11:00 22/10/2016,,,,,205,,
5,BA977,British Airways,HAJ,Hanover,11:00 22/10/2016,11:00 22/10/2016,,,,,143,,
3,AA098,American Airlines,ORD,Chicago,11:05 22/10/2016,11:05 22/10/2016,,,,,247,187,106
3,EK001,Emirates Airline,DXB,Dubai,11:15 22/10/2016,11:05 22/10/2016,,,,,517,451,3
4,SU2578,Aeroflot Russian Airlines,SVO,Moscow,11:05 22/10/2016,11:05 22/10/2016,,,,,,,
5,BA373,British Airways,TLS,Toulouse,11:10 22/10/2016,11:10 22/10/2016,,,,,132,,
5,BA805,British Airways,BLL,Billund,11:10 22/10/2016,11:10 22/10/2016,,,,,168,,
5,BA919,British Airways,STR,Stuttgart,11:10 22/10/2016,11:10 22/10/2016,,,,,168,,
3,BA367,British Airways,MRS,Marseille,11:15 22/10/2016,11:15 22/10/2016,,,,,168,,
5,BA457,British Airways,MAD,Madrid,11:15 22/10/2016,11:15 22/10/2016,,,,,259,,
2,UA923,United Airlines,LAX,Los Angeles,11:20 22/10/2016,11:16 22/10/2016,,,,,269,158,55
4,EY019,Etihad Airways,AUH,Abu Dhabi,12:05 22/10/2016,11:25 22/10/2016,,,,,496,385,15
5,BA048,British Airways,SEA,Seattle,11:25 22/10/2016,11:28 22/10/2016,,,,,297,286,186
5,BA791,British Airways,GOT,Gothenburg,11:30 22/10/2016,11:30 22/10/2016,,,,,143,,
3,BA855,British Airways,PRG,Prague,11:30 22/10/2016,11:30 22/10/2016,,,,,168,,
4,JU380,Air Serbia,BEG,Belgrade,11:30 22/10/2016,11:30 22/10/2016,,,,,,,
4,AM007,Aeromexico,MEX,Mexico City,11:10 22/10/2016,11:33 22/10/2016,,,,,243,179,13
5,BA565,British Airways,LIN,Milan (Linate),11:35 22/10/2016,11:35 22/10/2016,,,,,143,,
4,QR003,Qatar Airways,DOH,Doha,12:15 22/10/2016,11:35 22/10/2016,,,,,517,312,7
5,BA132,British Airways,JED,Jeddah,11:50 22/10/2016,11:38 22/10/2016,,,,,216,23,14
3,DL50,Delta Air Lines,SLC,Salt Lake City,12:00 22/10/2016,11:38 22/10/2016,,,,,211,104,
5,BA727,British Airways,GVA,Geneva,11:40 22/10/2016,11:40 22/10/2016,,,,,143,,
5,BA753,British Airways,BSL,Basel,11:40 22/10/2016,11:40 22/10/2016,,,,,143,,
2,EI162,Aer Lingus,DUB,Dublin,11:40 22/10/2016,11:40 22/10/2016,,,,,,,
2,LH906,Lufthansa,FRA,Frankfurt,11:40 22/10/2016,11:40 22/10/2016,,,,,,,
2,TK1989,Turkish Airlines THY,IST,Istanbul,11:40 22/10/2016,11:40 22/10/2016,,,,,,,
3,AA108,American Airlines,LAX,Los Angeles,11:25 22/10/2016,11:45 22/10/2016,,,,,310,273,128
5,BA573,British Airways,MXP,Milan(Malpensa),11:45 22/10/2016,11:45 22/10/2016,,,,,143,,
5,BA757,British Airways,BGO,Bergen,11:45 22/10/2016,11:45 22/10/2016,,,,,143,,
2,TP352,TAP Portugal,LIS,Lisbon,11:45 22/10/2016,11:45 22/10/2016,,,,,,,
2,LH2474,Lufthansa,MUC,Munich,11:50 22/10/2016,11:50 22/10/2016,,,,,,,
2,SK531,SAS,ARN,Stockholm,11:50 22/10/2016,11:50 22/10/2016,,,,,,,
5,BA118,British Airways,BLR,Bengaluru,12:05 22/10/2016,11:55 22/10/2016,,,,,275,231,139
5,BA745,British Airways,SVG,Stavanger,11:55 22/10/2016,11:55 22/10/2016,,,,,143,,
2,UA16,United Airlines,EWR,Newark,08:20 22/10/2016,11:56 22/10/2016,,,,,169,149,23
5,BA276,British Airways,HYD,Hyderabad,12:10 22/10/2016,11:58 22/10/2016,,,,,214,156,105
5,BA248,British Airways,GIG,Rio de Janeiro,12:00 22/10/2016,12:00 22/10/2016,,,,,219,197,78
3,BA479,British Airways,BCN,Barcelona,12:00 22/10/2016,12:00 22/10/2016,,,,,168,,
2,LX332,Swiss,ZRH,Zurich,12:00 22/10/2016,12:00 22/10/2016,,,,,,,
2,EI712,Aer Lingus,ORK,Cork,12:05 22/10/2016,12:05 22/10/2016,,,,,,,
2,SK503,SAS,CPH,Copenhagen,12:05 22/10/2016,12:05 22/10/2016,,,,,,,
5,BA156,British Airways,KWI,Kuwait,12:15 22/10/2016,12:07 22/10/2016,,,,,275,,
3,BA288,British Airways,PHX,Phoenix,12:20 22/10/2016,12:08 22/10/2016,,,,,337,322,226
5,BA343,British Airways,NCE,Nice,12:10 22/10/2016,12:10 22/10/2016,,,,,154,,
5,BA827,British Airways,DUB,Dublin,12:10 22/10/2016,12:10 22/10/2016,,,,,143,,
3,AA080,American Airlines,DFW,Dallas/Ft Worth,12:15 22/10/2016,12:15 22/10/2016,,,,,247,226,
5,BA286,British Airways,SFO,San Francisco,12:40 22/10/2016,12:15 22/10/2016,,,,,469,455,309
5,BA459,British Airways,MAD,Madrid,12:20 22/10/2016,12:20 22/10/2016,,,,,168,,
5,BA763,British Airways,OSL,Oslo,12:20 22/10/2016,12:20 22/10/2016,,,,,154,,
5,BA032,British Airways,HKG,Hong Kong,03:50 22/10/2016,12:21 22/10/2016,,,,,469,286,79
5,BA008,British Airways,HND,Tokyo (Haneda),12:05 22/10/2016,12:23 22/10/2016,,,,,297,291,117
3,BA467,British Airways,BIO,Bilbao,12:25 22/10/2016,12:25 22/10/2016,,,,,168,,
3,BA697,British Airways,VIE,Vienna,12:25 22/10/2016,12:25 22/10/2016,,,,,168,,
3,QF009,Qantas,MEL,Melbourne,13:15 22/10/2016,12:25 22/10/2016,,,,,484,240,21
4,AH2054,Air Algerie,ALG,Algiers,12:30 22/10/2016,12:30 22/10/2016,,,,,,,
5,BA983,British Airways,TXL,Berlin,12:30 22/10/2016,12:30 22/10/2016,,,,,143,,
2,EI164,Aer Lingus,DUB,Dublin,12:30 22/10/2016,12:30 22/10/2016,,,,,,,
5,BA102,British Airways,YYC,Calgary,12:50 22/10/2016,12:34 22/10/2016,,,,,216,147,99
5,BA553,British Airways,FCO,Rome,12:35 22/10/2016,12:35 22/10/2016,,,,,259,,
3,BA847,British Airways,WAW,Warsaw,12:35 22/10/2016,12:35 22/10/2016,,,,,168,,
2,MS777,Egyptair,CAI,Cairo,12:35 22/10/2016,12:35 22/10/2016,,,,,,,
2,LX354,Swiss,GVA,Geneva,12:40 22/10/2016,12:40 22/10/2016,,,,,,,
3,BA084,British Airways,YVR,Vancouver,12:55 22/10/2016,12:42 22/10/2016,,,,,337,285,153
4,AF1780,Air France,CDG,Paris (CdG),12:45 22/10/2016,12:45 22/10/2016,,,,,,,
3,BA501,British Airways,LIS,Lisbon,12:45 22/10/2016,12:45 22/10/2016,,,,,168,,
5,BA242,British Airways,MEX,Mexico City,13:05 22/10/2016,12:48 22/10/2016,,,,,275,242,151
2,4U8462,Germanwings,TXL,Berlin,12:50 22/10/2016,12:50 22/10/2016,,,,,,,
4,KL1017,KLM Royal Dutch Airlines,AMS,Amsterdam,12:50 22/10/2016,12:50 22/10/2016,,,,,,,
5,BA541,British Airways,BLQ,Bologna,12:55 22/10/2016,12:55 22/10/2016,,,,,143,,
5,BA108,British Airways,DXB,Dubai,13:05 22/10/2016,12:58 22/10/2016,,,,,226,201,81
5,BA777,British Airways,ARN,Stockholm,13:00 22/10/2016,13:00 22/10/2016,,,,,154,,
5,BA951,British Airways,MUC,Munich,13:00 22/10/2016,13:00 22/10/2016,,,,,143,,
5,BA278,British Airways,SJC,San Jose,13:15 22/10/2016,13:01 22/10/2016,,,,,216,191,93
3,PK785,Pakistan International Airline,ISB,Islamabad,13:00 22/10/2016,13:01 22/10/2016,,,,,393,189,1
5,BA849,British Airways,ZAG,Zagreb,13:05 22/10/2016,13:05 22/10/2016,,,,,168,,
4,RO391,TAROM,OTP,Bucharest,13:05 22/10/2016,13:05 22/10/2016,,,,,,,
2,UA930,United Airlines,SFO,San Francisco,13:10 22/10/2016,13:06 22/10/2016,,,,,269,205,37
3,CX257,Cathay Pacific,HKG,Hong Kong,14:15 22/10/2016,13:07 22/10/2016,,,,,275,194,46
2,4U7462,Germanwings,HAM,Hamburg,13:10 22/10/2016,13:10 22/10/2016,,,,,,,
5,BA395,British Airways,BRU,Brussels,13:10 22/10/2016,13:10 22/10/2016,,,,,143,,
5,BA713,British Airways,ZRH,Zurich,13:10 22/10/2016,13:10 22/10/2016,,,,,143,,
4,T5427,Turkmenistan Airlines,ASB,Ashgabat,13:15 22/10/2016,13:15 22/10/2016,,,,,,,
5,BA028,British Airways,HKG,Hong Kong,04:35 22/10/2016,13:17 22/10/2016,,,,,297,190,60
3,AA136,American Airlines,LAX,Los Angeles,13:20 22/10/2016,13:20 22/10/2016,,,,,310,274,
5,BA729,British Airways,GVA,Geneva,13:20 22/10/2016,13:20 22/10/2016,,,,,168,,
5,BA315,British Airways,CDG,Paris (CdG),13:25 22/10/2016,13:25 22/10/2016,,,,,205,,
5,BA579,British Airways,VCE,Venice,13:25 22/10/2016,13:25 22/10/2016,,,,,168,,
5,BA939,British Airways,DUS,Dusseldorf,13:25 22/10/2016,13:25 22/10/2016,,,,,259,,
3,EK029,Emirates Airline,DXB,Dubai,13:25 22/10/2016,13:25 22/10/2016,,,,,,,
5,BA018,British Airways,ICN,Seoul,13:35 22/10/2016,13:27 22/10/2016,,,,,214,209,126
3,DL36,Delta Air Lines,SEA,Seattle,14:05 22/10/2016,13:29 22/10/2016,,,,,211,,11
5,BA347,British Airways,NCE,Nice,13:30 22/10/2016,13:30 22/10/2016,,,,,168,,
3,BA485,British Airways,BCN,Barcelona,13:30 22/10/2016,13:30 22/10/2016,,,,,168,,
5,BA577,British Airways,LIN,Milan (Linate),13:30 22/10/2016,13:30 22/10/2016,,,,,143,,
5,BA835,British Airways,DUB,Dublin,13:30 22/10/2016,13:30 22/10/2016,,,,,168,,
5,BA605,British Airways,PSA,Pisa,13:35 22/10/2016,13:35 22/10/2016,,,,,205,,
2,EI384,Aer Lingus,SNN,Shannon,13:35 22/10/2016,13:35 22/10/2016,,,,,,,
2,SK805,SAS,OSL,Oslo,13:35 22/10/2016,13:35 22/10/2016,,,,,,,
5,BA082,British Airways,ABV,Abuja,13:40 22/10/2016,13:40 22/10/2016,,,,,226,,
2,LH908,Lufthansa,FRA,Frankfurt,13:40 22/10/2016,13:40 22/10/2016,,,,,,,
4,KU101,Kuwait Airways,KWI,Kuwait,13:45 22/10/2016,13:45 22/10/2016,,,,,,,
5,BA272,British Airways,SAN,San Diego,14:05 22/10/2016,13:47 22/10/2016,,,,,275,251,162
5,BA549,British Airways,FCO,Rome,13:50 22/10/2016,13:50 22/10/2016,,,,,168,,
3,BA863,British Airways,PRG,Prague,13:50 22/10/2016,13:50 22/10/2016,,,,,168,,
3,VS024,Virgin Atlantic Airways,LAX,Los Angeles,14:10 22/10/2016,13:50 22/10/2016,,,,,264,262,27
5,BA038,British Airways,PEK,Beijing,14:20 22/10/2016,13:54 22/10/2016,,,,,297,274,44
5,BA815,British Airways,CPH,Copenhagen,13:55 22/10/2016,13:55 22/10/2016,,,,,168,,
3,BA867,British Airways,BUD,Budapest,13:55 22/10/2016,13:55 22/10/2016,,,,,168,,
5,BA969,British Airways,HAM,Hamburg,13:55 22/10/2016,13:55 22/10/2016,,,,,143,,
5,IB3176,Iberia,MAD,Madrid,14:00 22/10/2016,14:00 22/10/2016,,,,,171,,
2,TK1985,Turkish Airlines THY,IST,Istanbul,14:00 22/10/2016,14:00 22/10/2016,,,,,,,
4,CZ303,China Southern Airlines,CAN,Guangzhou,14:05 22/10/2016,14:02 22/10/2016,,,,,228,130,1
2,EI166,Aer Lingus,DUB,Dublin,14:05 22/10/2016,14:05 22/10/2016,,,,,,,
3,AY839,Finnair,HEL,Helsinki,14:10 22/10/2016,14:10 22/10/2016,,,,,,,
3,JJ8084,LATAM Airlines Brazil,GRU,Sao Paulo,14:15 22/10/2016,14:15 22/10/2016,,,,,379,356,44
5,BA435,British Airways,AMS,Amsterdam,14:20 22/10/2016,14:20 22/10/2016,,,,,226,,
4,GF003,Gulf Air,BAH,Bahrain,14:20 22/10/2016,14:20 22/10/2016,,,,,,,
5,BA575,British Airways,LIN,Milan (Linate),14:25 22/10/2016,14:25 22/10/2016,,,,,143,,
5,BA905,British Airways,FRA,Frankfurt,14:25 22/10/2016,14:25 22/10/2016,,,,,168,,
3,RJ111,Royal Jordanian,AMM,Amman,14:25 22/10/2016,14:25 22/10/2016,,,,,,,
2,A3602,Aegean Airlines,ATH,Athens,14:30 22/10/2016,14:30 22/10/2016,,,,,,,
5,BA639,British Airways,ATH,Athens,14:30 22/10/2016,14:30 22/10/2016,,,,,168,,
5,BA829,British Airways,DUB,Dublin,14:30 22/10/2016,14:30 22/10/2016,,,,,168,,
5,BA256,British Airways,DEL,Delhi,14:10 22/10/2016,14:34 22/10/2016,,,,,216,205,86
5,BA993,British Airways,TXL,Berlin,14:35 22/10/2016,14:35 22/10/2016,,,,,143,,
2,LH910,Lufthansa,FRA,Frankfurt,14:40 22/10/2016,14:40 22/10/2016,,,,,,,
5,BA268,British Airways,LAX,Los Angeles,15:00 22/10/2016,14:44 22/10/2016,,,,,469,438,320
3,BA274,British Airways,LAS,Las Vegas,14:30 22/10/2016,14:44 22/10/2016,,,,,337,322,261
2,AV120,Avianca,BOG,Bogota,14:45 22/10/2016,14:45 22/10/2016,,,,,250,198,28
3,BA701,British Airways,VIE,Vienna,14:45 22/10/2016,14:45 22/10/2016,,,,,168,,
5,IB3604,Iberia,LPA,Gran Canaria,14:45 22/10/2016,14:45 22/10/2016,,,,,177,,
2,LH2476,Lufthansa,MUC,Munich,14:45 22/10/2016,14:45 22/10/2016,,,,,,,
3,PK757,Pakistan International Airline,LHE,Lahore,14:55 22/10/2016,14:45 22/10/2016,,,,,297,0,3
2,SQ308,Singapore Airlines,SIN,Singapore,14:40 22/10/2016,14:46 22/10/2016,,,,,379,272,13
3,JL043,Japan Airlines,HND,Tokyo (Haneda),14:50 22/10/2016,14:50 22/10/2016,,,,,,,82
2,NH211,ANA All Nippon Airways,HND,Tokyo (Haneda),15:20 22/10/2016,14:50 22/10/2016,,,,,212,,7
2,OU492,Croatia Airlines,SPU,Split,14:50 22/10/2016,14:50 22/10/2016,,,,,,,
5,BA731,British Airways,GVA,Geneva,14:55 22/10/2016,14:55 22/10/2016,,,,,143,,
5,BA891,British Airways,SOF,Sofia,14:55 22/10/2016,14:55 22/10/2016,,,,,205,,
4,BG017,Biman Bangladesh Airlines,DAC,Dhaka,14:45 22/10/2016,14:55 22/10/2016,,,,,419,131,2
2,EI168,Aer Lingus,DUB,Dublin,14:55 22/10/2016,14:55 22/10/2016,,,,,,,
3,VS401,Virgin Atlantic Airways,DXB,Dubai,14:55 22/10/2016,14:55 22/10/2016,,,,,266,,
2,SK505,SAS,CPH,Copenhagen,15:00 22/10/2016,15:00 22/10/2016,,,,,,,
4,AZ204,Alitalia,FCO,Rome,15:05 22/10/2016,15:05 22/10/2016,,,,,,,
5,BA9133C,British Airways,FCO,Rome,15:05 22/10/2016,15:05 22/10/2016,,,,,259,,
3,EK031,Emirates Airline,DXB,Dubai,15:10 22/10/2016,15:10 22/10/2016,,,,,,,
4,KQ100,Kenya Airways,NBO,Nairobi,15:10 22/10/2016,15:10 22/10/2016,,,,,,,
5,BA679,British Airways,IST,Istanbul,15:15 22/10/2016,15:15 22/10/2016,,,,,168,,
5,BA883,British Airways,KBP,Kiev,15:15 22/10/2016,15:15 22/10/2016,,,,,168,,
4,KL1021,KLM Royal Dutch Airlines,AMS,Amsterdam,15:15 22/10/2016,15:15 22/10/2016,,,,,,,
3,BA475,British Airways,BCN,Barcelona,15:20 22/10/2016,15:20 22/10/2016,,,,,168,,
2,LX324,Swiss,ZRH,Zurich,15:20 22/10/2016,15:20 22/10/2016,,,,,,,
3,VY7100,Vueling Airlines,LCG,A Coruna,15:20 22/10/2016,15:20 22/10/2016,,,,,,,
5,BA335,British Airways,ORY,Paris (Orly),15:25 22/10/2016,15:25 22/10/2016,,,,,143,,
2,EW1466,Eurowings,DUS,Dusseldorf,15:25 22/10/2016,15:25 22/10/2016,,,,,,,
5,IB3172,Iberia,MAD,Madrid,15:25 22/10/2016,15:25 22/10/2016,,,,,200,,
2,SK809,SAS,OSL,Oslo,15:25 22/10/2016,15:25 22/10/2016,,,,,,,
3,VS251,Virgin Atlantic Airways,PVG,Shanghai,16:10 22/10/2016,15:25 22/10/2016,,,,,264,241,1
4,AF1280,Air France,CDG,Paris (CdG),15:30 22/10/2016,15:30 22/10/2016,,,,,,,
2,TK1971,Turkish Airlines THY,IST,Istanbul,15:30 22/10/2016,15:30 22/10/2016,,,,,,,
5,BA168,British Airways,PVG,Shanghai,15:30 22/10/2016,15:33 22/10/2016,,,,,216,213,57
5,BA345,British Airways,NCE,Nice,15:35 22/10/2016,15:35 22/10/2016,,,,,143,,
3,BA359,British Airways,LYS,Lyon,15:40 22/10/2016,15:40 22/10/2016,,,,,168,,
5,BA439,British Airways,AMS,Amsterdam,15:40 22/10/2016,15:40 22/10/2016,,,,,143,,
5,BA715,British Airways,ZRH,Zurich,15:40 22/10/2016,15:40 22/10/2016,,,,,143,,
2,LH914,Lufthansa,FRA,Frankfurt,15:40 22/10/2016,15:40 22/10/2016,,,,,,,
5,BA837,British Airways,DUB,Dublin,15:45 22/10/2016,15:45 22/10/2016,,,,,143,,
5,BA9137C,British Airways,ADB,Izmir,15:45 22/10/2016,15:45 22/10/2016,,,,,168,,
2,LX348,Swiss,GVA,Geneva,15:45 22/10/2016,15:45 22/10/2016,,,,,,,
